Class,ROC_AUC
No DR,0.994087510797367
Mild,0.9227330517163598
Moderate,0.8868198874296437
Severe,0.7196852139215252
Proliferative,0.7726449730925916
